OID_,Y,X
0,25.293155,54.682887
0,25.293756,54.682602
0,25.284166,54.684722
0,25.297769,54.680519
0,25.295494,54.680648
0,25.255352,54.677426
0,25.295418,54.684297
0,25.297511,54.684456
0,25.295418,54.684297
0,25.295418,54.684297
0,25.297511,54.684456
0,25.297511,54.684456
0,25.297511,54.684456
0,25.297511,54.684456
0,25.288659,54.680743
0,25.289432,54.674571
0,25.291332,54.6869
0,25.29176,54.688738
0,25.280494,54.679528
